{
  "Baseline": {
    "kmeans": 28.781116485595703,
    "selection": 0.43906188011169434,
    "distance_comp": 0.3293757438659668,
    "sorting": 0.01157379150390625,
    "total": 29.220178365707397
  },
  "+IV1 (ANN)": {
    "kmeans": 16.83360743522644,
    "selection": 0.4107487201690674,
    "distance_comp": 0.3023803234100342,
    "sorting": 0.011654138565063477,
    "total": 17.244356155395508,
    "recall": 0.817084038855717
  },
  "+IV2 (L2 Reuse)": {
    "kmeans": 24.801515579223633,
    "selection": 0.10016298294067383,
    "distance_comp": 0.001046895980834961,
    "sorting": 0.006367683410644531,
    "total": 24.901678562164307,
    "recall": 1.0
  },
  "+IV3 (Top-k)": {
    "kmeans": 24.872070789337158,
    "selection": 0.3936500549316406,
    "distance_comp": 0.29363107681274414,
    "sorting": 0.009992122650146484,
    "total": 25.2657208442688,
    "recall": 1.0
  },
  "Optimized (All)": {
    "kmeans": 16.942484140396118,
    "selection": 0.11290812492370605,
    "distance_comp": 0.0010824203491210938,
    "sorting": 0.005197286605834961,
    "total": 17.055392265319824,
    "recall": 0.817084038855717
  }
}